{
  "train_loss": [
    0.6764245397981768,
    0.3202718998338794,
    0.2524187752172589,
    0.215485762239525,
    0.18143107218737167
  ],
  "train_acc": [
    78.94391603804526,
    89.04558871761233,
    91.22845377355053,
    92.58408950111148,
    93.47326992456543
  ],
  "val_loss": [
    0.2321040011015023,
    0.22820740848965912,
    0.23947805286282342,
    0.12105136151607497,
    0.2707018470485064
  ],
  "val_acc": [
    0.910049319267273,
    0.9153205156326294,
    0.9177010655403137,
    0.9636116027832031,
    0.9211018681526184
  ]
}